node,sample_idx,n_nodes,n_edges,is_phisher,out_degree,in_degree,direction_ratio,max_out_amount,min_out_amount,avg_out_amount,max_in_amount,min_in_amount,avg_in_amount,account_balance,lifetime_days,active_days,freq_out_short,freq_in_short,freq_out_long,freq_in_long,short_long_out_ratio,short_long_in_ratio,katz_centrality,betweenness_centrality,degree_centrality,closeness_centrality,clustering_coefficient,eigenvector_centrality,in_degree_centrality,out_degree_centrality
0xc2d176d52e03910359cd3a4a0452eebc05e5f143,1,10022,31742,True,7,4,0.636364,13.938337,0.00458,3.985362,26.83401,0.01246,6.97558,0.004788,423,5,0.066667,0.066667,0.011111,0.011111,5.999999,5.999999,0.00995317,1.4e-06,0.0009979,0.00084822,0.0,7.819e-05,0.00039916,0.00059874
0xe67790cb9c501b2dfd0574c288afd88698774fb6,2,20244,165479,True,6,6,0.5,2.72386,0.9973,1.412887,2.72449,1.0,1.413915,0.006166,32,6,0.166667,0.166667,0.033333,0.033333,5.0,5.0,0.00750316,0.0,0.0003458,0.2247469,0.04761905,0.0,0.0002964,4.94e-05
0x9586b961dff9ef72ab1256e7e82c9dc4fb1f5d7a,3,46790,443302,True,30,2,0.9375,0.025,0.0,0.000993,0.007,0.006907,0.006953,-0.015893,118,16,0.166667,0.0,0.166667,0.011111,1.0,0.0,0.00427095,1.368e-05,0.0004702,0.03526736,0.004329,0.0,4.275e-05,0.00042745
0x94a1768148c40e5b9d10b86fc5f6d91f710d52d0,4,72144,695407,True,39,11,0.78,0.028185,0.0,0.001852,0.03,0.002,0.008636,0.022778,467,28,0.133333,0.066667,0.027778,0.011111,4.8,5.999999,0.00354879,0.00036495,0.00058218,0.03377308,0.07017544,0.0,0.00011089,0.00047129
0x369314da422b61403e565e3ab92d4700aa0913a9,5,53273,258480,True,22,15,0.594595,0.001037,0.0,4.7e-05,0.002589,2e-06,0.000339,0.004055,155,17,0.066667,0.033333,0.122222,0.083333,0.545455,0.4,0.0041685,7.9e-07,0.00058192,0.01445179,0.05591398,0.0,0.00018772,0.0003942
